Relevance,Volume,LP,Cat,Keywords,More Keywords,More Keywords,,,,,,,,,,,,,,,,,,,,,
,,,Negative Keywords,,,,,,,,,,,,,,,,,,,,,,,,
,,,,nashville,,,,,,,,,,,,,,,,,,,,,,,
,,,,stricture,,,,,,,,,,,,,,,,,,,,,,,
,,,,delivery,,,,,,,,,,,,,,,,,,,,,,,
,,,,yeast infection,,,,,,,,,,,,,,,,,,,,,,,
,,,,sex toys,,,,,,,,,,,,,,,,,,,,,,,
,,,,#pet,,,,,,,,,,,,,,,,,,,,,,,
,,,,#cat,,,,,,,,,,,,,,,,,,,,,,,
,,,,#dog,,,,,,,,,,,,,,,,,,,,,,,
,,,,horse,,,,,,,,,,,,,,,,,,,,,,,
,,,,hamster,,,,,,,,,,,,,,,,,,,,,,,
,,,,adult toys,,,,,,,,,,,,,,,,,,,,,,,
,,,,animal,,,,,,,,,,,,,,,,,,,,,,,
,,,,sex video,,,,,,,,,,,,,,,,,,,,,,,
,,,,sex movies,,,,,,,,,,,,,,,,,,,,,,,
,,,,games,,,,,,,,,,,,,,,,,,,,,,,
,,,,pep boys,,,,,,,,,,,,,,,,,,,,,,,
,,,,pepboys,,,,,,,,,,,,,,,,,,,,,,,
,,,,puppy,,,,,,,,,,,,,,,,,,,,,,,
,,,,kitten,,,,,,,,,,,,,,,,,,,,,,,
,,,,puppies,,,,,,,,,,,,,,,,,,,,,,,
,,,,kittens,,,,,,,,,,,,,,,,,,,,,,,
,,,,rihanna,,,,,,,,,,,,,,,,,,,,,,,
,,,,hive,,,,,,,,,,,,,,,,,,,,,,,
,,,,auto parts,,,,,,,,,,,,,,,,,,,,,,,
,,,,anime,,,,,,,,,,,,,,,,,,,,,,,
,,,,hentai,,,,,,,,,,,,,,,,,,,,,,,
,,,,porn,,,,,,,,,,,,,,,,,,,,,,,
,,,, gif ,,,,,,,,,,,,,,,,,,,,,,,
,,,,adult,,,,,,,,,,,,,,,,,,,,,,,
,,,,,diaper,,,,,,,,,,,,,,,,,,,,,,
,,,,hearing aid,,,,,,,,,,,,,,,,,,,,,,,
,,,,sex comics,,,,,,,,,,,,,,,,,,,,,,,
,,,,sex scenes,,,,,,,,,,,,,,,,,,,,,,,
,,,,daft,,,,,,,,,,,,,,,,,,,,,,,
,,,,phim,,,,,,,,,,,,,,,,,,,,,,,
,,,,sex cam,,,,,,,,,,,,,,,,,,,,,,,
,,,,sex on the beach,,,,,,,,,,,,,,,,,,,,,,,
,,,,sex pistols,,,,,,,,,,,,,,,,,,,,,,,
,,,,sex store,,,,,,,,,,,,,,,,,,,,,,,
,,,,sex swing,,,,,,,,,,,,,,,,,,,,,,,
,,,,xxx,,,,,,,,,,,,,,,,,,,,,,,
,,,,pregnancy pillow,,,,,,,,,,,,,,,,,,,,,,,
,,,,caesars,,,,,,,,,,,,,,,,,,,,,,,
,,,,pbs,,,,,,,,,,,,,,,,,,,,,,,
,,,,hospital,,,,,,,,,,,,,,,,,,,,,,,
,,,,gmail,,,,,,,,,,,,,,,,,,,,,,,
,,,,us map,,,,,,,,,,,,,,,,,,,,,,,
,,,,rite aid,,,,,,,,,,,,,,,,,,,,,,,
,,,,best buy,,,,,,,,,,,,,,,,,,,,,,,
,,,,sciatica,,,,,,,,,,,,,,,,,,,,,,,
,,,,al pacino,,,,,,,,,,,,,,,,,,,,,,,
,,,,fertilizer,,,,,,,,,,,,,,,,,,,,,,,
,,,,aidan,,,,,,,,,,,,,,,,,,,,,,,
,,,,museum,,,,,,,,,,,,,,,,,,,,,,,
,,,,covid,,,,,,,,,,,,,,,,,,,,,,,
,,,,stroller,,,,,,,,,,,,,,,,,,,,,,,
,,,,menopause,,,,,,,,,,,,,,,,,,,,,,,
,,,,chattanooga,,,,,,,,,,,,,,,,,,,,,,,
,,,,county,,,,,,,,,,,,,,,,,,,,,,,
,,,,city,,,,,,,,,,,,,,,,,,,,,,,
,,,,nj,,,,,,,,,,,,,,,,,,,,,,,
,,,,ny,,,,,,,,,,,,,,,,,,,,,,,
,,,,tx,,,,,,,,,,,,,,,,,,,,,,,
,,,,aide,,,,,,,,,,,,,,,,,,,,,,,
,,,,york,,,,,,,,,,,,,,,,,,,,,,,
,,,,falls,,,,,,,,,,,,,,,,,,,,,,,
,,,,kitchen,,,,,,,,,,,,,,,,,,,,,,,
,,,,street,,,,,,,,,,,,,,,,,,,,,,,
,,,,road,,,,,,,,,,,,,,,,,,,,,,,
,,,,store,,,,,,,,,,,,,,,,,,,,,,,
,,,,east,,,,,,,,,,,,,,,,,,,,,,,
,,,,west,,,,,,,,,,,,,,,,,,,,,,,
,,,,north,,,,,,,,,,,,,,,,,,,,,,,
,,,,south,,,,,,,,,,,,,,,,,,,,,,,
,,,,monkeypox,,,,,,,,,,,,,,,,,,,,,,,
,,,,philippines,,,,,,,,,,,,,,,,,,,,,,,
,,,,credit,,,,,,,,,,,,,,,,,,,,,,,
,,,,Alabama,,,,,,,,,,,,,,,,,,,,,,,
,,,,Alaska,,,,,,,,,,,,,,,,,,,,,,,
,,,,Arizona,,,,,,,,,,,,,,,,,,,,,,,
,,,,Arkansas,,,,,,,,,,,,,,,,,,,,,,,
,,,,California,,,,,,,,,,,,,,,,,,,,,,,
,,,,Colorado,,,,,,,,,,,,,,,,,,,,,,,
,,,,Connecticut,,,,,,,,,,,,,,,,,,,,,,,
,,,,Delaware,,,,,,,,,,,,,,,,,,,,,,,
,,,,Florida,,,,,,,,,,,,,,,,,,,,,,,
,,,,Georgia,,,,,,,,,,,,,,,,,,,,,,,
,,,,Hawaii,,,,,,,,,,,,,,,,,,,,,,,
,,,,Idaho,,,,,,,,,,,,,,,,,,,,,,,
,,,,Illinois,,,,,,,,,,,,,,,,,,,,,,,
,,,,Indiana,ineedana,,,,,,,,,,,,,,,,,,,,,,
,,,,Iowa,,,,,,,,,,,,,,,,,,,,,,,
,,,,Kansas,,,,,,,,,,,,,,,,,,,,,,,
,,,,Kentucky,,,,,,,,,,,,,,,,,,,,,,,
,,,,Louisiana,,,,,,,,,,,,,,,,,,,,,,,
,,,,Maine,,,,,,,,,,,,,,,,,,,,,,,
,,,,Maryland,,,,,,,,,,,,,,,,,,,,,,,
,,,,Massachusetts,,,,,,,,,,,,,,,,,,,,,,,
,,,,Michigan,,,,,,,,,,,,,,,,,,,,,,,
,,,,Minnesota,,,,,,,,,,,,,,,,,,,,,,,
,,,,Mississippi,,,,,,,,,,,,,,,,,,,,,,,
,,,,Missouri,,,,,,,,,,,,,,,,,,,,,,,
,,,,Montana,,,,,,,,,,,,,,,,,,,,,,,
,,,,Nebraska,nabraska,,,,,,,,,,,,,,,,,,,,,,
,,,,Nevada,,,,,,,,,,,,,,,,,,,,,,,
,,,,New Hampshire,,,,,,,,,,,,,,,,,,,,,,,
,,,,New Jersey,,,,,,,,,,,,,,,,,,,,,,,
,,,,New Mexico,,,,,,,,,,,,,,,,,,,,,,,
,,,,New York,,,,,,,,,,,,,,,,,,,,,,,
,,,,North Carolina,,,,,,,,,,,,,,,,,,,,,,,
,,,,North Dakota,,,,,,,,,,,,,,,,,,,,,,,
,,,,Ohio,,,,,,,,,,,,,,,,,,,,,,,
,,,,Oklahoma,,,,,,,,,,,,,,,,,,,,,,,
,,,,Oregon,,,,,,,,,,,,,,,,,,,,,,,
,,,,Pennsylvania,,,,,,,,,,,,,,,,,,,,,,,
,,,,Rhode Island,,,,,,,,,,,,,,,,,,,,,,,
,,,,South Carolina,,,,,,,,,,,,,,,,,,,,,,,
,,,,South Dakota,,,,,,,,,,,,,,,,,,,,,,,
,,,,Tennessee,,,,,,,,,,,,,,,,,,,,,,,
,,,,pauls,,,,,,,,,,,,,,,,,,,,,,,
,,,,Texas,,,,,,,,,,,,,,,,,,,,,,,
,,,,Utah,,,,,,,,,,,,,,,,,,,,,,,
,,,,Vermont,,,,,,,,,,,,,,,,,,,,,,,
,,,,Virginia,,,,,,,,,,,,,,,,,,,,,,,
,,,,Washington,,,,,,,,,,,,,,,,,,,,,,,
,,,,West Virginia,,,,,,,,,,,,,,,,,,,,,,,
,,,,Wisconsin,,,,,,,,,,,,,,,,,,,,,,,
,,,,Wyoming,,,,,,,,,,,,,,,,,,,,,,,
,,,,america,,,,,,,,,,,,,,,,,,,,,,,
,,,,valley,,,,,,,,,,,,,,,,,,,,,,,
,,,,#zip#,,,,,,,,,,,,,,,,,,,,,,,
,,,,#gop#,Grand Old Party,Republican Party,,,,,,,,,,,,,,,,,,,,,
,,,,countries,,,,,,,,,,,,,,,,,,,,,,,
,,,,iraq,,,,,,,,,,,,,,,,,,,,,,,
,,,,subaru,,,,,,,,,,,,,,,,,,,,,,,
,,,,bieber,,,,,,,,,,,,,,,,,,,,,,,
,,,,,,,,,,,,,,,,,,,,,,,,,,,
,,,,,,,,,,,,,,,,,,,,,,,,,,,
,,,,,,,,,,,,,,,,,,,,,,,,,,,
,,,,,,,,,,,,,,,,,,,,,,,,,,,
,,,,,,,,,,,,,,,,,,,,,,,,,,,
,,,Brand,,,,,,,,,,,,,,,,,,,,,,,,
9,,,,Obria,,,,,,,,,,,,,,,,,,,,,,,
9,,,,Thrive,,,,,,,,,,,,,,,,,,,,,,,
9,,,,#Eva#,,,,,,,,,,,,,,,,,,,,,,,
9,,,,#Eve#,,,,,,,,,,,,,,,,,,,,,,,
10,,,,THE PHC's BRAND,,,,,,,,,,,,,,,,,,,,,,,
6,,,,cvs,,,,,,,,,,,,,,,,,,,,,,,
6,,,,walgreens,,,,,,,,,,,,,,,,,,,,,,,
6,,,,walmart,,,,,,,,,,,,,,,,,,,,,,,
,,,,,,,,,,,,,,,,,,,,,,,,,,,
,,,Competitor,,,,,,,,,,,,,,,,,,,,,,,,
9,"21,000",3 - home AND  important-questions-about-planned-parenthood AND considering-an-abortion,-,Parenthood,parenhood,[arenthood,,,,,,,,,,,,,,,,,,,,,
9,"1,050,000",3 - home AND  important-questions-about-planned-parenthood AND considering-an-abortion,-,,Planned,,,,,,,,,,,,,,,,,,,,,,
9,,,-,THE 10 CLOSEST ABORTION CLINIC BRANDS,,,,,,,,,,,,,,,,,,,,,,,
9,45000,3 - home AND  important-questions-about-planned-parenthood AND considering-an-abortion,-,planned,,,,,,,,,,,,,,,,,,,,,,,
5,,,-,escort,,,,,,,,,,,,,,,,,,,,,,,
,5k,,-,nuvaring,,,,,,,,,,,,,,,,,,,,,,,
,5k,,-,the ring,,,,,,,,,,,,,,,,,,,,,,,
,,,-,lilith clinic,,,,,,,,,,,,,,,,,,,,,,,
,,,-,dupont clinic,,,,,,,,,,,,,,,,,,,,,,,
,,,-,blue mountain clinic,,,,,,,,,,,,,,,,,,,,,,,
,,,-,Camelback Family Planning,,,,,,,,,,,,,,,,,,,,,,,
,,,-,Care No Matter What,,,,,,,,,,,,,,,,,,,,,,,
,,,-,Summit Medical Group,,,,,,,,,,,,,,,,,,,,,,,
,,,-,Summit Centers,,,,,,,,,,,,,,,,,,,,,,,
,,,,,,,,,,,,,,,,,,,,,,,,,,,
,,,General,,,,,,,,,,,,,,,,,,,,,,,,
,,,,abortion,#abort,abotion,abortiom,anortion,aportion,aboration,aboriton,abkrtion,obortion,abbortion,abodtion,aborshan,aboetion,#aboar,abrotion,wbortion,abprtion,adortion,avortions,ablrtions,aborition,#abor,sbortion
,352000,,,,pill,,,,,,,,,,,,,,,,,,,,,,
,30300,,,,,cost,,,,,,,,,,,,,,,,,,,,,
,2600,,,,treatment,,,,,,,,,,,,,,,,,,,,,,
,,,,,surgical,,,,,,,,,,,,,,,,,,,,,,
,,,,,fund,cost,,,,,,,,,,,,,,,,,,,,,
,,,,#486#,#ru#,ru-486,ru486,,,,,,,,,,,,,,,,,,,,
,,,,,,,,,,,,,,,,,,,,,,,,,,,
,,,,misoprostol,,,,,,,,,,,,,,,,,,,,,,,
,,,,mifepristone,mifespristone,,,,,,,,,,,,,,,,,,,,,,
,,,,norethindrone,,,,,,,,,,,,,,,,,,,,,,,
,,,,,,,,,,,,,,,,,,,,,,,,,,,
,,,,wade,1973,row,roe,,,,,,,,,,,,,,,,,,,,
,,,,,,overturned,,,,,,,,,,,,,,,,,,,,,
,,,,,,decision,,,,,,,,,,,,,,,,,,,,,
,,,,,,,,,,,,,,,,,,,,,,,,,,,
,,,,dobbs,,,,,,,,,,,,,,,,,,,,,,,
,,,,#law#,#laws#,,,,,,,,,,,,,,,,,,,,,,
,,,,court,sureme,supreme,,,,,,,,,,,,,,,,,,,,,
,,,,ruling,,,,,,,,,,,,,,,,,,,,,,,
,,,,billls,,,,,,,,,,,,,,,,,,,,,,,
,,,,right,,,,,,,,,,,,,,,,,,,,,,,
,,,,therapy,,,,,,,,,,,,,,,,,,,,,,,
,,,,counsel,,,,,,,,,,,,,,,,,,,,,,,
,,,,consult,,,,,,,,,,,,,,,,,,,,,,,
,,,,mental,mind,,,,,,,,,,,,,,,,,,,,,,
,,,,,health,,,,,,,,,,,,,,,,,,,,,,
,,,,,state,,,,,,,,,,,,,,,,,,,,,,
,,,,endometriosis,,,,,,,,,,,,,,,,,,,,,,,
,,,,,,,,,,,,,,,,,,,,,,,,,,,
,,,,,,,,,,,,,,,,,,,,,,,,,,,
,,,,Contraceptive,,,,,,,,,,,,,,,,,,,,,,,
,,,,,Oral,,,,,,,,,,,,,,,,,,,,,,
,,,,Birth,,,,,,,,,,,,,,,,,,,,,,,
,,,,,Natural,,,,,,,,,,,,,,,,,,,,,,
,,,,,Control,,,,,,,,,,,,,,,,,,,,,,
,,,,,,Pill,,,,,,,,,,,,,,,,,,,,,
,,,,,chart,,,,,,,,,,,,,,,,,,,,,,
,,,,herbs,,,,,,,,,,,,,,,,,,,,,,,
,,,,nexplanon,,,,,,,,,,,,,,,,,,,,,,,
,,,,condom,,,,,,,,,,,,,,,,,,,,,,,
,,,,diaphragm,,,,,,,,,,,,,,,,,,,,,,,
,,,,dental dam,,,,,,,,,,,,,,,,,,,,,,,
,,,,,,,,,,,,,,,,,,,,,,,,,,,
,,,,,,,,,,,,,,,,,,,,,,,,,,,
,,,,plan b,,,,,,,,,,,,,,,,,,,,,,,
,,,,,pill,,,,,,,,,,,,,,,,,,,,,,
,,,,,side,,,,,,,,,,,,,,,,,,,,,,
,,,,Ella,,,,,,,,,,,,,,,,,,,,,,,
,,,,,One,,,,,,,,,,,,,,,,,,,,,,
,,,,,,pregancy,,,,,,,,,,,,,,,,,,,,,
,,,,,,,,,,,,,,,,,,,,,,,,,,,
,,,,,,,,,,,,,,,,,,,,,,,,,,,
,,,,,,,,,,,,,,,,,,,,,,,,,,,
,,,,#ipill,,,,,,,,,,,,,,,,,,,,,,,
,,,,iud,,,,,,,,,,,,,,,,,,,,,,,
,,,,morning,,,,,,,,,,,,,,,,,,,,,,,
,,,,,sickness,,,,,,,,,,,,,,,,,,,,,,
,,,,,#pill#,#pills#,,,,,,,,,,,,,,,,,,,,,
,,,,,,,,,,,,,,,,,,,,,,,,,,,
,,,,after,,,,,,,,,,,,,,,,,,,,,,,
,,,,,#pill#,#pills#,,,,,,,,,,,,,,,,,,,,,
,,,,,sex,,,,,,,,,,,,,,,,,,,,,,
,,,,#pill#,#pills#,#nills#,,,,,,,,,,,,,,,,,,,,,
,,,,membrane,,,,,,,,,,,,,,,,,,,,,,,
,,,,,discharge,,,,,,,,,,,,,,,,,,,,,,
,,,,fetus,,,,,,,,,,,,,,,,,,,,,,,
,,,,zygote,,,,,,,,,,,,,,,,,,,,,,,
,,,,embryo,,,,,,,,,,,,,,,,,,,,,,,
,,,,,,,,,,,,,,,,,,,,,,,,,,,
,,,,preg,embarazo,,,,,,,,,,,,,,,,,,,,,,
,,,,,symptom,,,,,,,,,,,,,,,,,,,,,,
,,,,,,early,,,,,,,,,,,,,,,,,,,,,
,,,,,signs,,,,,,,,,,,,,,,,,,,,,,
,,,,,ectopic,,,,,,,,,,,,,,,,,,,,,,
,,,,,,symptoms,,,,,,,,,,,,,,,,,,,,,
,,,,,calculator,,,,,,,,,,,,,,,,,,,,,,
,,,,,test,,,,,,,,,,,,,,,,,,,,,,
,,,,,,pos,,,,,,,,,,,,,,,,,,,,,
,,,,,,neg,,,,,,,,,,,,,,,,,,,,,
,,,,,,free,,,,,,,,,,,,,,,,,,,,,
,,,,,teen,,,,,,,,,,,,,,,,,,,,,,
,,,,,period,,,,,,,,,,,,,,,,,,,,,,
,,,,trimester,,,,,,,,,,,,,,,,,,,,,,,
,,,,section,,,,,,,,,,,,,,,,,,,,,,,
,,,,,c,,,,,,,,,,,,,,,,,,,,,,
,,,,,,,,,,,,,,,,,,,,,,,,,,,
,,,,,,,,,,,,,,,,,,,,,,,,,,,
,,,,,,,,,,,,,,,,,,,,,,,,,,,
,,,,ultrasound,,,,,,,,,,,,,,,,,,,,,,,
,,,,sonography,,,,,,,,,,,,,,,,,,,,,,,
,,,,ovarian,,,,,,,,,,,,,,,,,,,,,,,
,,,,,cyst,,,,,,,,,,,,,,,,,,,,,,
,,,,,,symptoms,,,,,,,,,,,,,,,,,,,,,
,,,,tubal,,,,,,,,,,,,,,,,,,,,,,,
,,,,,ligation,,,,,,,,,,,,,,,,,,,,,,
,,,,hyperemesis,,,,,,,,,,,,,,,,,,,,,,,
,,,,,gravidarum,,,,,,,,,,,,,,,,,,,,,,
,,,,period,,,,,,,,,,,,,,,,,,,,,,,
,,,,,calculator,,,,,,,,,,,,,,,,,,,,,,
,,,,,,,,,,,,,,,,,,,,,,,,,,,
,,,,date,,,,,,,,,,,,,,,,,,,,,,,
,,,,,due,,,,,,,,,,,,,,,,,,,,,,
,,,,,,calculator,,,,,,,,,,,,,,,,,,,,,
,,,,dating,,,,,,,,,,,,,,,,,,,,,,,
,,,,edd,,,,,,,,,,,,,,,,,,,,,,,
,,,,chlamydia,,,,,,,,,,,,,,,,,,,,,,,
,,,,,symptom,,,,,,,,,,,,,,,,,,,,,,
,,,,herpes,,,,,,,,,,,,,,,,,,,,,,,
,,,,,symptom,,,,,,,,,,,,,,,,,,,,,,
,,,,cold sore,,,,,,,,,,,,,,,,,,,,,,,
,,,,,lip,,,,,,,,,,,,,,,,,,,,,,
,,,,hpv,,,,,,,,,,,,,,,,,,,,,,,
,,,,,symptom,,,,,,,,,,,,,,,,,,,,,,
,,,,,vaccine,,,,,,,,,,,,,,,,,,,,,,
,,,,papillomavirus,,,,,,,,,,,,,,,,,,,,,,,
,,,,gonorrhea,,,,,,,,,,,,,,,,,,,,,,,
,,,,,symptom,,,,,,,,,,,,,,,,,,,,,,
,,,,ceftriaxone,,,,,,,,,,,,,,,,,,,,,,,
,,,,syphilis,,,,,,,,,,,,,,,,,,,,,,,
,,,,,symptom,,,,,,,,,,,,,,,,,,,,,,
,,,,genital,,,,,,,,,,,,,,,,,,,,,,,
,,,,,herpes,,,,,,,,,,,,,,,,,,,,,,
,,,,,warts,,,,,,,,,,,,,,,,,,,,,,
,,,,lice,,,,,,,,,,,,,,,,,,,,,,,
,,,,scabies,,,,,,,,,,,,,,,,,,,,,,,
,,,,PID,pelvic inflamatory disease,,,,,,,,,,,,,,,,,,,,,,
,,,,trichomoniasis,,,,,,,,,,,,,,,,,,,,,,,
,,,,vaginosis,bv,,,,,,,,,,,,,,,,,,,,,,
,,,,,bacterial,,,,,,,,,,,,,,,,,,,,,,
,,,,blue waffle,,,,,,,,,,,,,,,,,,,,,,,
,,,,vaginitis,,,,,,,,,,,,,,,,,,,,,,,
,,,,hepatitis,,,,,,,,,,,,,,,,,,,,,,,
,,,,,b,,,,,,,,,,,,,,,,,,,,,,
,,,,,c,,,,,,,,,,,,,,,,,,,,,,
,,,,aids,,,,,,,,,,,,,,,,,,,,,,,
,,,,,symptom,,,,,,,,,,,,,,,,,,,,,,
,,,,#hiv#,,,,,,,,,,,,,,,,,,,,,,,
,,,,,symptom,,,,,,,,,,,,,,,,,,,,,,
,,,,prep,,,,,,,,,,,,,,,,,,,,,,,
,,,,,,,,,,,,,,,,,,,,,,,,,,,
,,,,#std#,#sti#,sexually transmitted disease,sexually transmitted infection,#stis#,#stds#,,,,,,,,,,,,,,,,,,
,,,,,treatment,,,,,,,,,,,,,,,,,,,,,,
,,,,,test,,,,,,,,,,,,,,,,,,,,,,
,,,,,sign,,,,,,,,,,,,,,,,,,,,,,
,,,,,symptom,,,,,,,,,,,,,,,,,,,,,,
,,,,,discharge,,,,,,,,,,,,,,,,,,,,,,
,,,,itchy,,,,,,,,,,,,,,,,,,,,,,,
,,,,bumps,,,,,,,,,,,,,,,,,,,,,,,
,,,,balanitis,,,,,,,,,,,,,,,,,,,,,,,
,,,,scabies,,,,,,,,,,,,,,,,,,,,,,,
,,,,balanitis,,,,,,,,,,,,,,,,,,,,,,,
,,,,fordyce,,,,,,,,,,,,,,,,,,,,,,,
,,,,hsv,,,,,,,,,,,,,,,,,,,,,,,
,,,,access,,,,,,,,,,,,,,,,,,,,,,,
,,,,,florida,,,,,,,,,,,,,,,,,,,,,,
,,,,,,,,,,,,,,,,,,,,,,,,,,,
,,,,#uti#,urinary tract infection,#utis#,,,,,,,,,,,,,,,,,,,,,
,,,,,symptom,,,,,,,,,,,,,,,,,,,,,,
,,,,,treatment,,,,,,,,,,,,,,,,,,,,,,
,,,,macrobid,,,,,,,,,,,,,,,,,,,,,,,
,,,,infection,,,,,,,,,,,,,,,,,,,,,,,
,,,,,kidney,,,,,,,,,,,,,,,,,,,,,,
,,,,,vaginal,,,,,,,,,,,,,,,,,,,,,,
,,,,pap,,,,,,,,,,,,,,,,,,,,,,,
,,,,,smear,,,,,,,,,,,,,,,,,,,,,,
,,,,nitrofurantoin,,,,,,,,,,,,,,,,,,,,,,,
,,,,vasectomy,,,,,,,,,,,,,,,,,,,,,,,
,,,,tubectomy,,,,,,,,,,,,,,,,,,,,,,,
,,,,love,,,,,,,,,,,,,,,,,,,,,,,
,,,,,bombing,,,,,,,,,,,,,,,,,,,,,,
,,,,,,what,,,,,,,,,,,,,,,,,,,,,
,,,,virgin,,,,,,,,,,,,,,,,,,,,,,,
,,,,hymen,,,,,,,,,,,,,,,,,,,,,,,
,,,,trans,,,,,,,,,,,,,,,,,,,,,,,
,,,,hrt,hormone replacement,,,,,,,,,,,,,,,,,,,,,,
,,,,,,,,,,,,,,,,,,,,,,,,,,,
,,,,intersex,,,,,,,,,,,,,,,,,,,,,,,
,,,,,,,,,,,,,,,,,,,,,,,,,,,
,,,,asexual,,,,,,,,,,,,,,,,,,,,,,,
,,,,,meaning,,,,,,,,,,,,,,,,,,,,,,
,,,,lgbtq,,,,,,,,,,,,,,,,,,,,,,,
,,,,gay,,,,,,,,,,,,,,,,,,,,,,,
,,,,,sex,,,,,,,,,,,,,,,,,,,,,,
,,,,lesbian,,,,,,,,,,,,,,,,,,,,,,,
,,,,69,,,,,,,,,,,,,,,,,,,,,,,
,,,,position,,,,,,,,,,,,,,,,,,,,,,,
,,,,,missionary,,,,,,,,,,,,,,,,,,,,,,
,,,,orgasm,,,,,,,,,,,,,,,,,,,,,,,
,,,,intimacy,,,,,,,,,,,,,,,,,,,,,,,
,,,,cis,,,,,,,,,,,,,,,,,,,,,,,
,,,,,meaning,,,,,,,,,,,,,,,,,,,,,,
,,,,gender,,,,,,,,,,,,,,,,,,,,,,,
,,,,transgender,,,,,,,,,,,,,,,,,,,,,,,
,,,,nonbinary,,,,,,,,,,,,,,,,,,,,,,,
,,,,grooming,,,,,,,,,,,,,,,,,,,,,,,
,,,,abuse,,,,,,,,,,,,,,,,,,,,,,,
,,,,,child,,,,,,,,,,,,,,,,,,,,,,
,,,,,sex,,,,,,,,,,,,,,,,,,,,,,
,,,,queer,,,,,,,,,,,,,,,,,,,,,,,
,,,,,meaning,,,,,,,,,,,,,,,,,,,,,,
,,,,penis,,,,,,,,,,,,,,,,,,,,,,,
,,,,,discharge,,,,,,,,,,,,,,,,,,,,,,
,,,,pee,,,,,,,,,,,,,,,,,,,,,,,
,,,,frenulum,,,,,,,,,,,,,,,,,,,,,,,
,,,,uterus,,,,,,,,,,,,,,,,,,,,,,,
,,,,urethra,,,,,,,,,,,,,,,,,,,,,,,
,,,,cum,,,,,,,,,,,,,,,,,,,,,,,
,,,,sperm,,,,,,,,,,,,,,,,,,,,,,,
,,,,vagina,,,,,,,,,,,,,,,,,,,,,,,
,,,,,discharge,,,,,,,,,,,,,,,,,,,,,,
,,,,,,,,,,,,,,,,,,,,,,,,,,,
,,,,queef,,,,,,,,,,,,,,,,,,,,,,,
,,,,clit,,,,,,,,,,,,,,,,,,,,,,,
,,,,horny,,,,,,,,,,,,,,,,,,,,,,,
,,,,rape,,,,,,,,,,,,,,,,,,,,,,,
,,,,consent,,,,,,,,,,,,,,,,,,,,,,,
,,,,incest,,,,,,,,,,,,,,,,,,,,,,,
,,,,anal,,,,,,,,,,,,,,,,,,,,,,,
,,,,,sex,,,,,,,,,,,,,,,,,,,,,,
,,,,blowjob,,,,,,,,,,,,,,,,,,,,,,,
,,,,friends,,,,,,,,,,,,,,,,,,,,,,,
,,,,,benefits,,,,,,,,,,,,,,,,,,,,,,
,,,,obgyn,,,,,,,,,,,,,,,,,,,,,,,
,,,,gynecologist,,,,,,,,,,,,,,,,,,,,,,,
,,,,conceive,conception,,,,,,,,,,,,,,,,,,,,,,
,,,,,,,,,,,,,,,,,,,,,,,,,,,
,,,,,,,,,,,,,,,,,,,,,,,,,,,
,,,,,,,,,,,,,,,,,,,,,,,,,,,
,,,,anal,,,,,,,,,,,,,,,,,,,,,,,
,,,,viagra,,,,,,,,,,,,,,,,,,,,,,,
,,,,cialis,,,,,,,,,,,,,,,,,,,,,,,
,,,,dysfunction,,,,,,,,,,,,,,,,,,,,,,,
,,,,,erectile,,,,,,,,,,,,,,,,,,,,,,
,,,,pmdd,,,,,,,,,,,,,,,,,,,,,,,
,,,,vulva,labia,,,,,,,,,,,,,,,,,,,,,,
,,,,cervix,cervical,,,,,,,,,,,,,,,,,,,,,,
,,,,,cancer,,,,,,,,,,,,,,,,,,,,,,
,,,,colposcopy,,,,,,,,,,,,,,,,,,,,,,,
,,,,cryotherapy,,,,,,,,,,,,,,,,,,,,,,,
,,,,father,,,,,,,,,,,,,,,,,,,,,,,
,,,,,day,,,,,,,,,,,,,,,,,,,,,,
,,,,uterine,,,,,,,,,,,,,,,,,,,,,,,
,,,,,fibroids,,,,,,,,,,,,,,,,,,,,,,
,,,,women,,,,,,,,,,,,,,,,,,,,,,,
,,,,mujer,,,,,,,,,,,,,,,,,,,,,,,
,,,,woman,,,,,,,,,,,,,,,,,,,,,,,
,,,,man,,,,,,,,,,,,,,,,,,,,,,,
,,,,men,,,,,,,,,,,,,,,,,,,,,,,
,,,,mother,,,,,,,,,,,,,,,,,,,,,,,
,,,,,day,,,,,,,,,,,,,,,,,,,,,,
,,,,,,,,,,,,,,,,,,,,,,,,,,,
,,,,dad,,,,,,,,,,,,,,,,,,,,,,,
,,,,,jokes,,,,,,,,,,,,,,,,,,,,,,
,,,,parent,,,,,,,,,,,,,,,,,,,,,,,
,,,,,portal,,,,,,,,,,,,,,,,,,,,,,
,,,,colic,,,,,,,,,,,,,,,,,,,,,,,
,,,,family,,,,,,,,,,,,,,,,,,,,,,,
,,,,,plan,,,,,,,,,,,,,,,,,,,,,,
,,,,mom,moma,,,,,,,,,,,,,,,,,,,,,,
,,,,,teen,,,,,,,,,,,,,,,,,,,,,,
,,,,baby,babies,infant,,,,,,,,,,,,,,,,,,,,,
,,,,,registry,,,,,,,,,,,,,,,,,,,,,,
,,,,,names,,,,,,,,,,,,,,,,,,,,,,
,,,,,,boy,,,,,,,,,,,,,,,,,,,,,
,,,,,,girl,,,,,,,,,,,,,,,,,,,,,
,,,,,formula,,,,,,,,,,,,,,,,,,,,,,
,,,,,shower,,,,,,,,,,,,,,,,,,,,,,
,,,,,,games,,,,,,,,,,,,,,,,,,,,,
,,,,,boy,,,,,,,,,,,,,,,,,,,,,,
,,,,,girl,,,,,,,,,,,,,,,,,,,,,,
,,,,,,,,,,,,,,,,,,,,,,,,,,,
,,,,diaper,,,,,,,,,,,,,,,,,,,,,,,
,,,,,baby,,,,,,,,,,,,,,,,,,,,,,
,,,,eclampsia,,,,,,,,,,,,,,,,,,,,,,,
,,,,,#pre,,,,,,,,,,,,,,,,,,,,,,
,,,,method,,,,,,,,,,,,,,,,,,,,,,,
,,,,,temperature,,,,,,,,,,,,,,,,,,,,,,
,,,,metronidazole,,,,,,,,,,,,,,,,,,,,,,,
,,,,enfamil,,,,,,,,,,,,,,,,,,,,,,,
,,,,similac,,,,,,,,,,,,,,,,,,,,,,,
,,,,nutramigen,,,,,,,,,,,,,,,,,,,,,,,
,,,,ovulation,,,,,,,,,,,,,,,,,,,,,,,
,,,,,calculator,,,,,,,,,,,,,,,,,,,,,,
,,,,#sex,intercourse,,,,,,,,,,,,,,,,,,,,,,
,,,,,education,,,,,,,,,,,,,,,,,,,,,,
,,,,,stories,,,,,,,,,,,,,,,,,,,,,,
,,,,,positions,,,,,,,,,,,,,,,,,,,,,,
,,,,,guide,,,,,,,,,,,,,,,,,,,,,,
,,,,,teen,,,,,,,,,,,,,,,,,,,,,,
,,,,,unprotected,,,,,,,,,,,,,,,,,,,,,,
,,,,chat,,,,,,,,,,,,,,,,,,,,,,,
,,,,,#sex,,,,,,,,,,,,,,,,,,,,,,
,,,,abstinence,,,,,,,,,,,,,,,,,,,,,,,
,,,,,,,,,,,,,,,,,,,,,,,,,,,
,,,,fetal,,,,,,,,,,,,,,,,,,,,,,,
,,,,,alcohol,,,,,,,,,,,,,,,,,,,,,,
,,,,,,syndrome,fasd,,,,,,,,,,,,,,,,,,,,
,,,,,anomaly,,,,,,,,,,,,,,,,,,,,,,
,,,,placenta,placentan,placentation,,,,,,,,,,,,,,,,,,,,,
,,,,previa,,,,,,,,,,,,,,,,,,,,,,,
,,,,,,,,,,,,,,,,,,,,,,,,,,,
,,,,,,,,,,,,,,,,,,,,,,,,,,,
,,,,depression,,,,,,,,,,,,,,,,,,,,,,,
,,,,,postpartum,,,,,,,,,,,,,,,,,,,,,,
,,,,,,,,,,,,,,,,,,,,,,,,,,,
,,,,,,,,,,,,,,,,,,,,,,,,,,,
,,,,gestational,,,,,,,,,,,,,,,,,,,,,,,
,,,,,diabetes,,,,,,,,,,,,,,,,,,,,,,
,,,,,,,,,,,,,,,,,,,,,,,,,,,
,,,,natal,,,,,,,,,,,,,,,,,,,,,,,
,,,,,vitamins,,,,,,,,,,,,,,,,,,,,,,
,,,,,,,,,,,,,,,,,,,,,,,,,,,
,,,,sids,,,,,,,,,,,,,,,,,,,,,,,
,,,,sudden infant death syndrome,,,,,,,,,,,,,,,,,,,,,,,
,,,,cot death,,,,,,,,,,,,,,,,,,,,,,,
,,,,,,,,,,,,,,,,,,,,,,,,,,,
,,,,,,,,,,,,,,,,,,,,,,,,,,,
,,,,,,,,,,,,,,,,,,,,,,,,,,,
,,,,In vitro,Invitro,In vitro fertilisation,ivf,,,,,,,,,,,,,,,,,,,,
,,,,fertility,,,,,,,,,,,,,,,,,,,,,,,
,,,,,,,,,,,,,,,,,,,,,,,,,,,
,,,,breast,,,,,,,,,,,,,,,,,,,,,,,
,,,,,pump,,,,,,,,,,,,,,,,,,,,,,
,,,,,cancer,,,,,,,,,,,,,,,,,,,,,,
,,,,breastfeeding,,,,,,,,,,,,,,,,,,,,,,,
,,,,mammography,,,,,,,,,,,,,,,,,,,,,,,
,,,,miscarriage,miscarry,,,,,,,,,,,,,,,,,,,,,,
,,,,,discharge,,,,,,,,,,,,,,,,,,,,,,
,,,,,symptom,,,,,,,,,,,,,,,,,,,,,,
,,,,reproductive,,,,,,,,,,,,,,,,,,,,,,,
,,,,,alliance,,,,,,,,,,,,,,,,,,,,,,
,,,,,,freedom,,,,,,,,,,,,,,,,,,,,,
,,,,stats,percentage,persentage,whatpercentage,,,,,,,,,,,,,,,,,,,,
,,,,guttmacher,,,,,,,,,,,,,,,,,,,,,,,
,,,,cdc,,,,,,,,,,,,,,,,,,,,,,,
,,,,number,bumber,numbee,600000,6000000,,,,,,,,,,,,,,,,,,,
,,,,,phone,,,,,,,,,,,,,,,,,,,,,,
,,,,,contact,,,,,,,,,,,,,,,,,,,,,,
,,,,adopt,,,,,,,,,,,,,,,,,,,,,,,
,,,,foster,,,,,,,,,,,,,,,,,,,,,,,
,,,,female,,,,,,,,,,,,,,,,,,,,,,,
,,,,male,,,,,,,,,,,,,,,,,,,,,,,
,,,,telehealth,,,,,,,,,,,,,,,,,,,,,,,
,,,,healthcare,,,,,,,,,,,,,,,,,,,,,,,
,,,,sanger,,,,,,,,,,,,,,,,,,,,,,,
,,,,,margaret,,,,,,,,,,,,,,,,,,,,,,
,,,,free,,,,,,,,,,,,,,,,,,,,,,,
,,,,treatment,,,,,,,,,,,,,,,,,,,,,,,
,,,,,,,,,,,,,,,,,,,,,,,,,,,
,,,,life,,,,,,,,,,,,,,,,,,,,,,,
,,,,,pro,,,,,,,,,,,,,,,,,,,,,,
,,,,choice,coice,choise,choic,,,,,,,,,,,,,,,,,,,,
,,,,,pro,,,,,,,,,,,,,,,,,,,,,,
,,,,,,,,,,,,,,,,,,,,,,,,,,,
,,,,,,,,,,,,,,,,,,,,,,,,,,,
,,,,AT THE END,,,,,,,,,,,,,,,,,,,,,,,
,,,,discharge,,,,,,,,,,,,,,,,,,,,,,,
,,,,symptoms,,,,,,,,,,,,,,,,,,,,,,,
,,,,clinic,cl8nic,,,,,,,,,,,,,,,,,,,,,,
,,,,patient,,,,,,,,,,,,,,,,,,,,,,,
,,,,financial,,,,,,,,,,,,,,,,,,,,,,,
,,,,blood,,,,,,,,,,,,,,,,,,,,,,,
,,,,insurance,,,,,,,,,,,,,,,,,,,,,,,
,,,,medical,,,,,,,,,,,,,,,,,,,,,,,
,,,,names,,,,,,,,,,,,,,,,,,,,,,,
,,,,student,,,,,,,,,,,,,,,,,,,,,,,
,,,,pain,,,,,,,,,,,,,,,,,,,,,,,
,,,,girl,,,,,,,,,,,,,,,,,,,,,,,
,,,,babies,,,,,,,,,,,,,,,,,,,,,,,
,,,,infant,,,,,,,,,,,,,,,,,,,,,,,
,,,,what,,,,,,,,,,,,,,,,,,,,,,,
,,,,nfp,,,,,,,,,,,,,,,,,,,,,,,
,,,,finder,,,,,,,,,,,,,,,,,,,,,,,
,,,,#naf#,national abortion federation,federation,,,,,,,,,,,,,,,,,,,,,
,,,,nnaf,national network of abortion funds,,,,,,,,,,,,,,,,,,,,,,
,,,,definition,define,,,,,,,,,,,,,,,,,,,,,,
,,,,effects,,,,,,,,,,,,,,,,,,,,,,,
,,,,address,,,,,,,,,,,,,,,,,,,,,,,
,,,,bleeding,,,,,,,,,,,,,,,,,,,,,,,
,,,,homemade,,,,,,,,,,,,,,,,,,,,,,,
,,,,whatthe,,,,,,,,,,,,,,,,,,,,,,,
,,,,week,,,,,,,,,,,,,,,,,,,,,,,
,,,,cost,price,,,,,,,,,,,,,,,,,,,,,,
,,,,#2022,,,,,,,,,,,,,,,,,,,,,,,
,,,,#2023,,,,,,,,,,,,,,,,,,,,,,,
,,,,dangers,,,,,,,,,,,,,,,,,,,,,,,
,,,,#age#,,,,,,,,,,,,,,,,,,,,,,,
,,,,information,,,,,,,,,,,,,,,,,,,,,,,
,,,,factual,,,,,,,,,,,,,,,,,,,,,,,
,,,,near,,,,,,,,,,,,,,,,,,,,,,,
,,,,,#me#,,,,,,,,,,,,,,,,,,,,,,
,,,,place,plase,,,,,,,,,,,,,,,,,,,,,,
,,,,unsafe,,,,,,,,,,,,,,,,,,,,,,,
,,,,network,,,,,,,,,,,,,,,,,,,,,,,
,,,,center,,,,,,,,,,,,,,,,,,,,,,,
,,,,world,worldwide,,,,,,,,,,,,,,,,,,,,,,
,,,,where,,,,,,,,,,,,,,,,,,,,,,,